id,hypothesis,tier,population,treatment,comparator,metric,uncertainty_and_limitation,source,source_sha256
E0,Artifact/probability identity,C,1182/14991 validation; 250/3142 CAL-CHECK,saved logits and canonical artifacts,recorded metrics/hash values,exact recomputation,no new inference,runs/paper_c_final_evidence_audit_20261003T185925Z/posthoc_metrics.json,641c63be540a625d6b43008257934a1e89cd4306a6f7728e90e7512687e80bce
E1,Decodability and geometry competition,A,10401 images/132556 rows/20016 WPRD cells,A1-A6 readouts and N1/N2,frozen text/prior/null,WPRD,cell-bootstrap conditional intervals,runs/paper_c_representation_decoder_ladder_rerun_20260911T105648Z/result.json,846e8f1dac516a0b3b43dee8a2209bc1cb9709f418225f2bd47adf267146cccf
E2,Complementary prediction after O/G+O,A,FIT75066/943815; CAL8183/102612; VAL1182/14991,frozen M2+nuisance offset,O and G+O,calibrated row LL,2000 image-bootstrap; exploratory; one split/seed,runs/paper_c_nuisance_ladder_v2_20261003T092837Z/nuisance_ladder_v2_results.json,182f644d024345c26e7b949072da580030b40e0bd5a95639293d5b95e9fb7477
E3,Historical N4 admissibility,C,old1200 train;1078 FIT/122 CAL overlap,vocabulary/weight provenance,strict current FIT/CAL discipline,identity overlap,historical 2907-label map cannot be reused for current CAL,runs/paper_c_nuisance_vocab_contract_20261003T114634Z/vocabulary_provenance.json,517ee396c7fabdebc3a1ed699508da3c597368f655607062c69e61802014e1aa
E4,Richer nuisance pilot,B,FIT5000/63286; CALFIT750/9078; CHECK250/3142,16900->768->51 N4FIT; frozen fullFIT M2 offset,N4FIT,calibrated CALCHECK LL,2000 image-bootstrap seed20261003; pilot; scale/orientation differ,runs/paper_c_n4fit_pilot_training_20261003T182118Z/pilot_results.json,05a112234b1f2590ccf17e847c15df04b16200e5fb1d9ae39109494da6dfa7ac
E5,M2 sampling composition,B,same VAL1182/14991;2.5k/5k/10k/15k train,saved historical checkpoints and balanced15k,identity-aligned rescoring,LL/accuracy/macro recall,2000 images seed11;descriptive;train rows differ,runs/paper_c_same_validation_checkpoint_rescore_20261002T082100Z/same_validation_checkpoint_rescoring.json,f328b7cea362e526eda197a7752195fe35ec3e561106159e612e2f77e9cff7c5
E6,Seed similarity and transfer,B,10231 nonE2 images/129826 rows;2051 image test,within/cross seed readout,same decoder applied across representations,similarity/accuracy,2000 images seed11;different from residual protocol,runs/l4_breakthrough_20260930/seed_stability/fit_retry1/result.json,5fd9e1b57d9303f205e86a08f3dcc90e2b940c162e2d59282fc1992994e8b0e7
E7,Registered path interventions,C,750/200/200 smoke;VAL1182/14991,FULL/A/B seed1234,matched objective/initialization protocol,engineering integrity and descriptive metrics,smoke only;no seed5678 or B2,runs/paper_c_matched_supervision_smoke_20261002T111542Z/c1_smoke_final_audit.json,1697a2e8cd53832a36e19c33814ce4fa755cc465311a1a79e1f49520322ebcbc
E8,Readout-v2,C,historical10401/132556/20016 cells,corrected R2c,R0,WPRD,no corrected paired CI found;older R2 treatment invalid,runs/eval_readout_v2_R2c_20260911T023722Z/result.json,d4d568eb81016173640a3a9f89e7eba50414178b1df29957ee667a589f7501cb
E9,Geometry/units/Fourier mechanism,C,historical diagnostic populations,source arithmetic and finite-probe recovery,raw/shuffled geometry,constant channels and probe R2,not proof of mathematical information destruction,docs/FOURIER_NULL_AND_INVERTIBILITY_RESULT.md,96d835f68e1700ff36c5fb322c8972ce232fa7d8148dc1271a76ff292f9eeac3
E10,Semantic/interactional evaluation,D,45 dev blocks/90 images;40 random/80 images,human independent truth and contrast task,object/geometry/visual controls proposed,both-correct block accuracy,human gold absent;current validation endpoint0 eligible,runs/e2_development_20260912/FROZEN_CANDIDATE_MANIFEST.json,d4fd069e5b83c5c32184a418ca7386e02a39c8b96801414ecdc7e6d78d9fc4eb
E11,Entity scope and architecture,C,canonical source commit ec4cca6,ground_nodes->_forward_impl->forward_pairs,source data-flow inspection,scope/gradient consumers,no independent relation-only pathway,runs/paper_c_canonical_train_relfeat_20260930T062248Z/code/openvocab_rel/models/relational_model.py,6ccb855a20122f3917b87bcca2f561a1bc3d271f16cd140b5b0a448bb45558db
E12,Unseen-predicate feasibility,D,all50 real predicates in all original splits,alias-aware fresh unseen-supervision design,current closed-set C1,design only,no clean split/training or unseen evaluation executed,docs/PAPER_C_PREDICATE_DISJOINT_SPLIT_AUDIT.md,df462f4d5d384debeda70a07bf98b16f40e2745716fc01e2bdc6be151043aeb0
E13,Registered C0/C1 geometry treatment,A,seed1234 matched20016 WPRD cells;3x12000 training samples,pixel-space geometry plus Fourier scale .01,registered locked C0,delta WPRD +.008261,"cell CI [.003831,.012697];registered +.010 target missed;seed2 also misses",runs/eval_C1/result.json,8895f6d6bfd14f96bf178002e993dea0dc36d6eea8ad8395e750d0c456eda236
E14,Historical conditional N4/N5 pilot,B,train1200/14746;VAL1182/14991,historical N5 nuisance plus rel_feat,historical N4,LL3.094027 vs2.742337;delta-.351690,"CI[-.396702,-.304290];small historical train scale and capacity change;not current CAL-safe comparator",runs/paper_c_decision_pilot_20261001T123842Z/conditional_pilot_20261001T171120Z/conditional_pilot_results.json,862704b18c0556053187d2876fedc9f163395f710418ae4615ace4562fbd6758
