model,calibration,log_loss,accuracy,macro_recall,rows,population,source
N0,raw,2.339098774806838,0.3694216529917951,0.02,14991,fixed_validation,runs/paper_c_nuisance_ladder_v2_20261003T092837Z/nuisance_ladder_v2_results.json
N0,CAL_temperature,2.3390897435151157,0.3694216529917951,0.02,14991,fixed_validation,runs/paper_c_nuisance_ladder_v2_20261003T092837Z/nuisance_ladder_v2_results.json
O,raw,1.8066442830324783,0.6458541791741712,0.20006059858731995,14991,fixed_validation,runs/paper_c_nuisance_ladder_v2_20261003T092837Z/nuisance_ladder_v2_results.json
O,CAL_temperature,1.6323624327446515,0.6458541791741712,0.20006059858731995,14991,fixed_validation,runs/paper_c_nuisance_ladder_v2_20261003T092837Z/nuisance_ladder_v2_results.json
G+O,raw,1.3279949152077746,0.6561270095390568,0.1218934710222276,14991,fixed_validation,runs/paper_c_nuisance_ladder_v2_20261003T092837Z/nuisance_ladder_v2_results.json
G+O,CAL_temperature,1.3242384157227447,0.6561270095390568,0.1218934710222276,14991,fixed_validation,runs/paper_c_nuisance_ladder_v2_20261003T092837Z/nuisance_ladder_v2_results.json
rel_feat,raw,1.4667685475099466,0.5887532519511707,0.15908623252412046,14991,fixed_validation,runs/paper_c_nuisance_ladder_v2_20261003T092837Z/nuisance_ladder_v2_results.json
rel_feat,CAL_temperature,1.4205308987009315,0.5887532519511707,0.15908623252412046,14991,fixed_validation,runs/paper_c_nuisance_ladder_v2_20261003T092837Z/nuisance_ladder_v2_results.json
O_plus_rel_feat_offset,raw,1.374229586911581,0.640450937229004,0.16669240604073088,14991,fixed_validation,runs/paper_c_nuisance_ladder_v2_20261003T092837Z/nuisance_ladder_v2_results.json
O_plus_rel_feat_offset,CAL_temperature,1.2663293004670928,0.640450937229004,0.16669240604073088,14991,fixed_validation,runs/paper_c_nuisance_ladder_v2_20261003T092837Z/nuisance_ladder_v2_results.json
G+O_plus_rel_feat_offset,raw,1.4190692327756351,0.6200386898805951,0.15402534651369526,14991,fixed_validation,runs/paper_c_nuisance_ladder_v2_20261003T092837Z/nuisance_ladder_v2_results.json
G+O_plus_rel_feat_offset,CAL_temperature,1.3191095828173105,0.6200386898805951,0.15402534651369526,14991,fixed_validation,runs/paper_c_nuisance_ladder_v2_20261003T092837Z/nuisance_ladder_v2_results.json
N4_calibrated,CAL-FIT,1.5984459578155081,0.5566518141311266,0.13864697717034738,3142,pilot_CAL-CHECK,runs/paper_c_n4fit_pilot_training_20261003T182118Z/pilot_results.json
N4_raw,raw,2.419526820198378,0.5566518141311266,0.13864697717034738,3142,pilot_CAL-CHECK,runs/paper_c_n4fit_pilot_training_20261003T182118Z/pilot_results.json
N4_rel_calibrated,CAL-FIT,1.5959997348392674,0.5582431572246976,0.13956035798889974,3142,pilot_CAL-CHECK,runs/paper_c_n4fit_pilot_training_20261003T182118Z/pilot_results.json
N4_rel_raw,raw,2.4193531598279567,0.5582431572246976,0.13956035798889974,3142,pilot_CAL-CHECK,runs/paper_c_n4fit_pilot_training_20261003T182118Z/pilot_results.json
