predicate,rows,O_log_loss,O_accuracy,O_macro_recall,G+O_log_loss,G+O_accuracy,G+O_macro_recall,rel_feat_log_loss,rel_feat_accuracy,rel_feat_macro_recall,G+O+rel_feat_log_loss,G+O+rel_feat_accuracy,G+O+rel_feat_macro_recall,combined_minus_GO_LL
above,115,3.6965754661978854,0.3217391304347826,0.3217391304347826,3.250854678008821,0.30434782608695654,0.30434782608695654,2.874999403050847,0.3217391304347826,0.3217391304347826,2.8514215713271263,0.33043478260869563,0.33043478260869563,-0.39943310668169474
across,13,6.615190651133156,0.0,0.0,7.203978669599584,0.0,0.0,6.427434052534874,0.07692307692307693,0.07692307692307693,6.638376505757032,0.07692307692307693,0.07692307692307693,-0.5656021638425521
against,23,4.382015727576147,0.13043478260869565,0.13043478260869565,4.929852505043561,0.0,0.0,3.9124278063117606,0.043478260869565216,0.043478260869565216,4.014378509265853,0.043478260869565216,0.043478260869565216,-0.9154739957777078
along,20,5.423263667491785,0.0,0.0,5.667940283444326,0.0,0.0,5.282462949747255,0.0,0.0,5.348456474358559,0.0,0.0,-0.31948380908576723
and,26,4.99198018273327,0.2692307692307692,0.2692307692307692,5.301148912553902,0.0,0.0,5.670684219425269,0.038461538461538464,0.038461538461538464,5.65564853161644,0.038461538461538464,0.038461538461538464,0.3544996190625378
at,88,3.876276589393179,0.2840909090909091,0.2840909090909091,4.0986112132298675,0.056818181818181816,0.056818181818181816,3.9540844909291266,0.125,0.125,3.9319440234514924,0.11363636363636363,0.11363636363636363,-0.16666718977837514
attached to,72,4.685553364075336,0.027777777777777776,0.027777777777777776,4.74964889274334,0.0,0.0,4.230748505608688,0.013888888888888888,0.013888888888888888,4.312315635643419,0.0,0.0,-0.43733325709992155
behind,349,2.7857520230992003,0.49283667621776506,0.49283667621776506,2.234195894247916,0.4269340974212034,0.4269340974212034,1.982445155313527,0.46131805157593125,0.46131805157593125,1.9046465180908747,0.46418338108882523,0.46418338108882523,-0.32954937615704116
belonging to,15,5.358642385262419,0.0,0.0,5.867816795214749,0.0,0.0,5.891233664059746,0.0,0.0,6.040950134335207,0.0,0.0,0.17313333912045792
between,27,5.3217788641812485,0.2222222222222222,0.2222222222222222,6.037014481055337,0.0,0.0,5.4557151089475315,0.037037037037037035,0.037037037037037035,5.563613921088237,0.0,0.0,-0.47340055996710007
carrying,42,3.696810099446244,0.30952380952380953,0.30952380952380953,4.138595524275011,0.023809523809523808,0.023809523809523808,3.0124089896676054,0.16666666666666666,0.16666666666666666,3.0817381811124522,0.11904761904761904,0.11904761904761904,-1.0568573431625592
covered in,19,2.9767199173435435,0.15789473684210525,0.15789473684210525,4.970330569235365,0.0,0.0,3.998624863451845,0.05263157894736842,0.05263157894736842,4.118434277000813,0.0,0.0,-0.8518962922345521
covering,29,5.350487735836739,0.0,0.0,5.958456758292575,0.0,0.0,5.353142881825999,0.0,0.0,5.483201043104713,0.0,0.0,-0.47525571518786247
eating,22,2.0173592271906733,0.4090909090909091,0.4090909090909091,3.559310195484151,0.045454545454545456,0.045454545454545456,2.7971169275856287,0.5909090909090909,0.5909090909090909,2.8132014480199548,0.5,0.5,-0.7461087474641963
flying in,12,3.046594437710499,0.0,0.0,4.044982572825254,0.0,0.0,2.558739530532789,0.0,0.0,2.7824410486259743,0.0,0.0,-1.2625415241992797
for,65,5.212999432312631,0.12307692307692308,0.12307692307692308,5.2862950369042006,0.015384615384615385,0.015384615384615385,4.168151287588164,0.06153846153846154,0.06153846153846154,4.3084914415289335,0.015384615384615385,0.015384615384615385,-0.9778035953752671
from,21,4.738074934264145,0.14285714285714285,0.14285714285714285,5.791127003048749,0.0,0.0,5.155515513662881,0.0,0.0,5.26486144074442,0.0,0.0,-0.5262655623043289
hanging from,53,3.110523747053512,0.1509433962264151,0.1509433962264151,3.6185230323836226,0.018867924528301886,0.018867924528301886,3.170309066406154,0.09433962264150944,0.09433962264150944,3.1797594303074,0.07547169811320754,0.07547169811320754,-0.43876360207622245
has,2181,1.148733592507462,0.6937184777624943,0.6937184777624943,0.6104635019274667,0.8486932599724897,0.8486932599724897,0.8232420825365498,0.7569922054103623,0.7569922054103623,0.7005023459407419,0.8023842274186153,0.8023842274186153,0.09003884401327522
holding,290,1.756625818998749,0.6448275862068965,0.6448275862068965,1.7433881485560374,0.5172413793103449,0.5172413793103449,1.538006796287203,0.6482758620689655,0.6482758620689655,1.4642732477526748,0.6758620689655173,0.6758620689655173,-0.27911490080336265
in,1718,1.6216680352297033,0.5605355064027939,0.5605355064027939,1.2124289433129218,0.5227008149010477,0.5227008149010477,1.3203795635708415,0.4662398137369034,0.4662398137369034,1.211340896898668,0.4883585564610012,0.4883585564610012,-0.0010880464142537516
in front of,133,4.145733100916925,0.15037593984962405,0.15037593984962405,3.8584166320547246,0.06015037593984962,0.06015037593984962,3.257408246009033,0.06015037593984962,0.06015037593984962,3.2948077207032047,0.06015037593984962,0.06015037593984962,-0.5636089113515199
laying on,21,5.049483892825212,0.0,0.0,5.818074649870949,0.0,0.0,4.815389111101004,0.047619047619047616,0.047619047619047616,4.985914611397088,0.0,0.0,-0.8321600384738614
looking at,12,3.034969081440775,0.0,0.0,4.02832967271533,0.0,0.0,4.25875510218504,0.0,0.0,4.184236102770682,0.0,0.0,0.1559064300553521
lying on,13,6.307207457023468,0.0,0.0,7.195552796344523,0.0,0.0,4.672599017660197,0.0,0.0,5.067755037789545,0.0,0.0,-2.127797758554978
made of,22,4.255176550249385,0.45454545454545453,0.45454545454545453,5.176968108373689,0.0,0.0,5.552446597651198,0.0,0.0,5.550800461019333,0.0,0.0,0.3738323526456435
mounted on,5,5.061544814282668,0.0,0.0,5.751464790089638,0.0,0.0,5.127464898123718,0.0,0.0,5.2945445927172745,0.0,0.0,-0.4569201973723631
near,273,3.576776756849642,0.14652014652014653,0.14652014652014653,3.0138976043536347,0.09523809523809523,0.09523809523809523,2.7044826615885067,0.13186813186813187,0.13186813186813187,2.670753676917361,0.11355311355311355,0.11355311355311355,-0.34314392743627353
next to,278,3.6886905164722057,0.18705035971223022,0.18705035971223022,3.012781872778896,0.13309352517985612,0.13309352517985612,2.673441229352013,0.20503597122302158,0.20503597122302158,2.6297848470829845,0.17985611510791366,0.17985611510791366,-0.38299702569591165
of,1201,1.5020438405066932,0.607826810990841,0.607826810990841,1.3060402498100858,0.5070774354704413,0.5070774354704413,1.63769075112036,0.3147377185678601,0.3147377185678601,1.5180976455956356,0.3180682764363031,0.3180682764363031,0.21205739578554983
on,5538,0.8206340190838167,0.8815456843625857,0.8815456843625857,0.46302643259801574,0.9333694474539544,0.9333694474539544,0.7622127668060399,0.8145539906103286,0.8145539906103286,0.6124402049679092,0.8759479956663055,0.8759479956663055,0.14941377236989345
on back of,22,7.577978424507558,0.0,0.0,7.8623474096786365,0.0,0.0,4.822231301790652,0.0,0.0,5.357793020992151,0.0,0.0,-2.5045543886864854
over,86,4.285326923628028,0.16279069767441862,0.16279069767441862,3.982442110071608,0.09302325581395349,0.09302325581395349,3.5114828638703512,0.08139534883720931,0.08139534883720931,3.499201248944985,0.08139534883720931,0.08139534883720931,-0.48324086112662323
painted on,24,4.717113658470354,0.0,0.0,5.698577943338603,0.0,0.0,5.286883115398424,0.0,0.0,5.412129337322554,0.0,0.0,-0.28644860601604893
parked on,23,3.231784030466612,0.0,0.0,4.915194334565226,0.0,0.0,2.9110829220800296,0.08695652173913043,0.08695652173913043,3.137139541274172,0.08695652173913043,0.08695652173913043,-1.7780547932910538
part of,4,5.492953415347155,0.0,0.0,6.625335041092199,0.0,0.0,7.722762255776944,0.0,0.0,7.756705522035916,0.0,0.0,1.1313704809437173
playing,19,2.4963663490257226,0.6842105263157895,0.6842105263157895,3.1368935581519852,0.3684210526315789,0.3684210526315789,2.321006921693769,0.3157894736842105,0.3157894736842105,2.3247623351416564,0.42105263157894735,0.42105263157894735,-0.8121312230103288
riding,47,2.747511204648517,0.10638297872340426,0.10638297872340426,3.7091496561973405,0.0,0.0,2.849294600997113,0.0851063829787234,0.0851063829787234,2.9160511517580634,0.02127659574468085,0.02127659574468085,-0.7930985044392771
sitting on,173,3.7915586441911633,0.10982658959537572,0.10982658959537572,3.9435324580283395,0.0,0.0,3.305377357102455,0.08670520231213873,0.08670520231213873,3.374598308912867,0.08670520231213873,0.08670520231213873,-0.5689341491154725
standing on,76,3.9051676359615306,0.013157894736842105,0.013157894736842105,3.856369534366407,0.0,0.0,3.3546135189207704,0.039473684210526314,0.039473684210526314,3.398339523538963,0.02631578947368421,0.02631578947368421,-0.4580300108274442
to,24,4.841447795598835,0.0,0.0,5.897245783808773,0.0,0.0,6.297834061365926,0.0,0.0,6.284166244827674,0.0,0.0,0.3869204610189003
under,183,3.8675474989356053,0.18032786885245902,0.18032786885245902,3.2832233076015833,0.19672131147540983,0.19672131147540983,2.6091868564234533,0.2896174863387978,0.2896174863387978,2.6033631079373354,0.273224043715847,0.273224043715847,-0.6798601996642479
using,8,5.0641120856492305,0.125,0.125,5.486235420155351,0.0,0.0,5.481504687391779,0.0,0.0,5.566975455943319,0.0,0.0,0.08074003578796773
walking in,11,5.460417891259758,0.0,0.0,5.888789421936968,0.0,0.0,5.918962672377756,0.0,0.0,5.9648457864098665,0.0,0.0,0.07605636447289843
walking on,23,2.4575696953521016,0.0,0.0,3.425452751035835,0.0,0.0,4.193089465095773,0.043478260869565216,0.043478260869565216,4.0803584021232,0.043478260869565216,0.043478260869565216,0.6549056510873652
watching,30,4.448894428845439,0.13333333333333333,0.13333333333333333,4.701308365312609,0.0,0.0,2.412655345559202,0.36666666666666664,0.36666666666666664,2.519904649705666,0.36666666666666664,0.36666666666666664,-2.1814037156069426
wearing,946,0.6216226322127213,0.904862579281184,0.904862579281184,0.7088052880861581,0.8657505285412262,0.8657505285412262,0.8718065416224081,0.864693446088795,0.864693446088795,0.7733770748391922,0.8773784355179705,0.8773784355179705,0.0645717867530341
wears,132,3.7557798691056044,0.007575757575757576,0.007575757575757576,3.2222508583243776,0.0,0.0,2.838659040802234,0.0,0.0,2.89763791844711,0.0,0.0,-0.3246129398772677
with,406,3.2124591514522782,0.08620689655172414,0.08620689655172414,2.4004005438362763,0.06157635467980296,0.06157635467980296,2.432338478922149,0.06157635467980296,0.06157635467980296,2.3638069009683083,0.05665024630541872,0.05665024630541872,-0.03659364286796807
wrapped around,58,4.687966236355794,0.1206896551724138,0.1206896551724138,4.930831201810937,0.0,0.0,4.416614008781493,0.10344827586206896,0.10344827586206896,4.465302905471241,0.06896551724137931,0.06896551724137931,-0.46552829633969584
