contrast,predicate_index,predicate,support,baseline_recall,extended_recall,delta_recall,baseline_precision,extended_precision,delta_precision
G+O,30,on,1124,0.9466192170818505,0.9483985765124555,0.001779359430605032,0.6204081632653061,0.6201279813845259,-0.0002801818807802725
G+O,18,has,418,0.8923444976076556,0.9019138755980861,0.009569377990430561,0.7228682170542635,0.7167300380228137,-0.006138179031449864
G+O,20,in,404,0.5297029702970297,0.5148514851485149,-0.014851485148514865,0.7985074626865671,0.7908745247148289,-0.007632937971738252
G+O,46,wearing,258,0.8217054263565892,0.8372093023255814,0.015503875968992276,0.8122605363984674,0.8059701492537313,-0.006290387144736065
G+O,29,of,249,0.5261044176706827,0.5220883534136547,-0.004016064257028051,0.7237569060773481,0.7344632768361582,0.010706370758810091
G+O,48,with,78,0.02564102564102564,0.01282051282051282,-0.01282051282051282,0.2,0.2,0.0
G+O,7,behind,71,0.4788732394366197,0.4788732394366197,0.0,0.6181818181818182,0.6538461538461539,0.03566433566433569
G+O,19,holding,69,0.391304347826087,0.4057971014492754,0.014492753623188415,0.675,0.6666666666666666,-0.008333333333333415
G+O,27,near,68,0.014705882352941176,0.029411764705882353,0.014705882352941176,0.125,0.2857142857142857,0.1607142857142857
G+O,28,next to,51,0.1568627450980392,0.11764705882352941,-0.0392156862745098,0.25806451612903225,0.2222222222222222,-0.03584229390681004
G+O,41,under,35,0.2,0.2571428571428571,0.057142857142857106,0.3684210526315789,0.47368421052631576,0.10526315789473684
G+O,0,above,27,0.5185185185185185,0.5555555555555556,0.03703703703703709,0.6363636363636364,0.625,-0.011363636363636354
G+O,17,hanging from,23,0.0,0.0,0.0,0.0,0.0,0.0
G+O,6,attached to,22,0.0,0.0,0.0,0.0,0.0,0.0
G+O,21,in front of,20,0.0,0.0,0.0,0.0,0.0,0.0
G+O,49,wrapped around,20,0.0,0.0,0.0,0.0,0.0,0.0
G+O,39,standing on,16,0.0,0.0,0.0,0.0,0.0,0.0
G+O,38,sitting on,15,0.0,0.06666666666666667,0.06666666666666667,0.0,1.0,1.0
G+O,5,at,14,0.2857142857142857,0.21428571428571427,-0.07142857142857142,0.8,0.6,-0.20000000000000007
G+O,32,over,14,0.14285714285714285,0.14285714285714285,0.0,0.6666666666666666,0.6666666666666666,0.0
G+O,2,against,13,0.0,0.0,0.0,0.0,0.0,0.0
G+O,47,wears,12,0.0,0.0,0.0,0.0,0.0,0.0
G+O,15,for,10,0.0,0.0,0.0,0.0,0.0,0.0
G+O,33,painted on,10,0.0,0.0,0.0,0.0,0.0,0.0
G+O,34,parked on,9,0.0,0.0,0.0,0.0,0.0,0.0
G+O,44,walking on,9,0.0,0.0,0.0,0.0,0.0,0.0
G+O,36,playing,8,0.375,0.25,-0.125,1.0,1.0,0.0
G+O,11,covered in,7,0.0,0.0,0.0,0.0,0.0,0.0
G+O,25,made of,7,0.0,0.0,0.0,0.0,0.0,0.0
G+O,42,using,7,0.0,0.0,0.0,0.0,0.0,0.0
G+O,4,and,6,0.0,0.0,0.0,0.0,0.0,0.0
G+O,10,carrying,6,0.0,0.0,0.0,0.0,0.0,0.0
G+O,1,across,5,0.0,0.0,0.0,0.0,0.0,0.0
G+O,9,between,5,0.0,0.0,0.0,0.0,0.0,0.0
G+O,16,from,5,0.0,0.0,0.0,0.0,0.0,0.0
G+O,37,riding,5,0.0,0.0,0.0,0.0,0.0,0.0
G+O,3,along,3,0.0,0.0,0.0,0.0,0.0,0.0
G+O,13,eating,3,0.0,0.0,0.0,0.0,0.0,0.0
G+O,14,flying in,3,0.0,0.0,0.0,0.0,0.0,0.0
G+O,23,looking at,3,0.0,0.0,0.0,0.0,0.0,0.0
G+O,26,mounted on,3,0.0,0.0,0.0,0.0,0.0,0.0
G+O,45,watching,3,0.0,0.0,0.0,0.0,0.0,0.0
G+O,12,covering,1,0.0,0.0,0.0,0.0,0.0,0.0
G+O,22,laying on,1,0.0,0.0,0.0,0.0,0.0,0.0
G+O,35,part of,1,0.0,0.0,0.0,0.0,0.0,0.0
G+O,40,to,1,0.0,0.0,0.0,0.0,0.0,0.0
O,30,on,1124,0.8852313167259787,0.9234875444839857,0.03825622775800708,0.6160990712074303,0.6294724075197089,0.01337333631227855
O,18,has,418,0.7607655502392344,0.8373205741626795,0.07655502392344504,0.8664850136239782,0.8235294117647058,-0.042955601859272385
O,20,in,404,0.5346534653465347,0.5396039603960396,0.004950495049504955,0.782608695652174,0.7870036101083032,0.004394914456129273
O,46,wearing,258,0.8682170542635659,0.8798449612403101,0.011627906976744207,0.8175182481751825,0.8165467625899281,-0.0009714855852543947
O,29,of,249,0.6746987951807228,0.6385542168674698,-0.03614457831325302,0.721030042918455,0.7293577981651376,0.008327755246682611
O,48,with,78,0.08974358974358974,0.07692307692307693,-0.012820512820512817,0.3684210526315789,0.35294117647058826,-0.015479876160990669
O,7,behind,71,0.49295774647887325,0.5070422535211268,0.014084507042253502,0.5833333333333334,0.5901639344262295,0.006830601092896127
O,19,holding,69,0.5942028985507246,0.5797101449275363,-0.01449275362318836,0.6612903225806451,0.6557377049180327,-0.005552617662612391
O,27,near,68,0.08823529411764706,0.058823529411764705,-0.02941176470588236,0.375,0.3076923076923077,-0.06730769230769229
O,28,next to,51,0.21568627450980393,0.19607843137254902,-0.019607843137254916,0.2682926829268293,0.3225806451612903,0.05428796223446103
O,41,under,35,0.22857142857142856,0.2857142857142857,0.057142857142857134,0.4,0.47619047619047616,0.07619047619047614
O,0,above,27,0.4444444444444444,0.4444444444444444,0.0,0.5,0.6,0.09999999999999998
O,17,hanging from,23,0.043478260869565216,0.043478260869565216,0.0,0.16666666666666666,0.5,0.33333333333333337
O,6,attached to,22,0.0,0.0,0.0,0.0,0.0,0.0
O,21,in front of,20,0.0,0.0,0.0,0.0,0.0,0.0
O,49,wrapped around,20,0.3,0.15,-0.15,0.6666666666666666,1.0,0.33333333333333337
O,39,standing on,16,0.125,0.0625,-0.0625,0.5,0.3333333333333333,-0.16666666666666669
O,38,sitting on,15,0.13333333333333333,0.13333333333333333,0.0,0.11764705882352941,0.18181818181818182,0.06417112299465241
O,5,at,14,0.5,0.5,0.0,0.35,0.4117647058823529,0.061764705882352944
O,32,over,14,0.42857142857142855,0.42857142857142855,0.0,0.6,0.6666666666666666,0.06666666666666665
O,2,against,13,0.15384615384615385,0.07692307692307693,-0.07692307692307693,1.0,1.0,0.0
O,47,wears,12,0.08333333333333333,0.0,-0.08333333333333333,1.0,0.0,-1.0
O,15,for,10,0.1,0.1,0.0,0.2,0.5,0.3
O,33,painted on,10,0.0,0.0,0.0,0.0,0.0,0.0
O,34,parked on,9,0.0,0.0,0.0,0.0,0.0,0.0
O,44,walking on,9,0.0,0.0,0.0,0.0,0.0,0.0
O,36,playing,8,0.75,0.625,-0.125,1.0,1.0,0.0
O,11,covered in,7,0.5714285714285714,0.42857142857142855,-0.14285714285714285,0.8,0.75,-0.050000000000000044
O,25,made of,7,0.14285714285714285,0.0,-0.14285714285714285,0.5,0.0,-0.5
O,42,using,7,0.0,0.0,0.0,0.0,0.0,0.0
O,4,and,6,0.16666666666666666,0.16666666666666666,0.0,0.2,1.0,0.8
O,10,carrying,6,0.0,0.0,0.0,0.0,0.0,0.0
O,1,across,5,0.2,0.0,-0.2,0.5,0.0,-0.5
O,9,between,5,0.2,0.2,0.0,0.3333333333333333,0.3333333333333333,0.0
O,16,from,5,0.0,0.0,0.0,0.0,0.0,0.0
O,37,riding,5,0.0,0.0,0.0,0.0,0.0,0.0
O,3,along,3,0.0,0.0,0.0,0.0,0.0,0.0
O,13,eating,3,0.0,0.0,0.0,0.0,0.0,0.0
O,14,flying in,3,0.0,0.0,0.0,0.0,0.0,0.0
O,23,looking at,3,0.6666666666666666,0.3333333333333333,-0.3333333333333333,1.0,1.0,0.0
O,26,mounted on,3,0.0,0.0,0.0,0.0,0.0,0.0
O,45,watching,3,0.0,0.0,0.0,0.0,0.0,0.0
O,12,covering,1,0.0,0.0,0.0,0.0,0.0,0.0
O,22,laying on,1,0.0,0.0,0.0,0.0,0.0,0.0
O,35,part of,1,0.0,0.0,0.0,0.0,0.0,0.0
O,40,to,1,0.0,0.0,0.0,0.0,0.0,0.0
